block_of_affere,changes_in_node,changes_in_stru,special_forms,dislocation_of,no_of_nodes_in,class
2,4,8,1,1,2,3
2,3,4,2,2,2,2
2,4,8,3,2,7,3
1,4,4,3,1,6,3
1,3,5,1,2,1,2
1,3,6,3,1,4,2
2,3,8,2,1,1,2
2,2,1,3,1,1,2
2,2,8,3,1,5,3
1,3,5,3,1,2,3
2,3,5,1,2,3,2
2,3,8,3,2,2,2
2,2,3,2,1,1,2
1,4,7,3,2,2,3
2,2,8,1,2,4,4
2,3,5,3,2,2,2
2,3,2,2,2,3,2
2,3,5,2,1,2,2
1,3,2,1,2,1,2
2,3,2,2,2,1,2
1,2,4,3,2,3,3
1,4,5,3,2,4,3
2,2,5,1,1,1,2
1,2,8,3,1,8,3
1,3,8,3,2,2,3
1,2,4,3,2,4,3
1,4,8,3,2,1,3
2,3,3,2,2,1,2
1,2,8,2,2,1,3
2,3,7,3,2,3,3
1,3,8,3,2,3,3
1,2,8,1,2,1,2
2,3,3,1,1,1,2
2,3,4,3,2,2,2
2,3,8,3,1,2,2
1,2,5,3,1,4,4
1,2,4,3,2,6,3
1,3,4,3,2,2,3
1,1,7,1,2,2,3
1,3,3,3,1,1,3
2,2,4,3,2,6,3
2,3,4,3,1,2,2
2,2,4,3,2,7,4
2,3,8,3,1,1,2
2,3,8,2,2,2,2
1,2,3,1,2,1,2
2,4,8,3,1,3,3
1,3,5,2,1,1,2
2,3,4,3,1,1,2
2,3,4,2,1,1,2
1,3,3,3,2,1,3
1,2,8,3,2,4,3
2,3,2,3,2,4,2
2,4,7,3,2,8,3
1,4,7,3,2,7,3
2,3,4,1,2,1,2
1,4,2,3,2,3,3
2,3,2,2,1,1,2
2,3,5,2,2,1,2
1,4,5,3,2,7,3
1,4,5,3,2,5,3
2,3,4,2,2,3,2
1,3,3,2,2,1,3
1,2,6,3,2,6,3
2,3,4,3,2,1,2
1,2,5,1,1,2,3
2,3,3,3,2,3,2
1,4,5,3,2,3,3
1,2,3,1,1,1,3
2,3,8,2,2,3,2
2,3,3,2,2,2,2
1,3,5,3,1,1,2
1,1,1,1,1,1,1
2,4,8,3,2,3,3
2,4,8,3,2,2,3
2,3,4,2,2,1,2
1,2,8,3,2,5,3
2,4,5,3,2,5,3
1,2,5,3,2,2,3
2,2,8,3,2,1,2
2,3,5,2,1,1,2
2,2,8,3,2,2,3
1,2,8,1,1,1,2
2,1,3,1,2,2,3
2,3,3,2,1,1,2
2,4,2,2,2,1,2
1,3,3,1,2,1,2
1,4,4,3,2,5,3
1,2,8,3,2,3,3
2,3,3,3,1,2,2
2,2,4,2,1,2,2
2,3,5,1,1,1,2
2,3,4,1,2,2,2
2,3,2,3,2,2,2
1,2,4,1,2,2,2
2,3,2,1,2,3,2
1,2,4,2,2,2,2
2,2,7,3,2,5,3
2,3,8,2,2,1,2
2,2,4,1,1,1,2
2,3,5,3,1,1,2
1,3,8,3,1,1,2
1,3,3,3,2,5,3
1,2,8,2,1,2,3
1,4,2,3,2,1,3
1,3,8,2,2,1,3
1,4,3,2,2,1,3
1,2,4,3,1,5,3
2,2,5,3,2,3,3
1,3,8,2,2,2,2
1,3,8,2,1,1,2
1,3,4,3,1,2,2
1,2,4,3,2,7,3
1,4,8,1,2,2,3
2,2,8,2,1,4,2
2,4,7,3,2,6,3
1,2,8,3,2,6,3
2,4,5,3,2,1,2
2,3,4,3,2,7,2
1,1,2,1,1,2,1
2,3,3,3,1,1,2
1,1,5,3,1,7,4
1,4,8,2,1,2,3
2,3,5,3,2,1,2
2,3,5,2,2,4,3
1,1,3,1,2,1,2
2,3,8,3,2,4,3
1,2,2,1,2,1,2
2,3,4,3,2,6,2
